{
    "logging": {
        "job_id": "demo",
        "job_name": "inital_qsar",
        "logging_frequency": 0,
        "logging_path": "~/Test_my_code/test_output/progress.log",
        "recipient": "local",
        "result_folder": "~/Test_my_code/test_output/results",
        "sender": "http://127.0.0.1"
    },
    "model_type": "default",
    "parameters": {
        "diversity_filter": {
            "minscore": 0.4,
            "minsimilarity": 0.4,
            "name": "IdenticalMurckoScaffold",
            "nbmax": 25
        },
        "inception": {
            "memory_size": 20,
            "sample_size": 5,
            "smiles": []
        },
        "reinforcement_learning": {
            "agent": "~/Test_my_code/random.prior.new",
            "batch_size": 128,
            "learning_rate": 0.0001,
            "margin_threshold": 50,
            "n_steps": 250,
            "prior": "~/Test_my_code/random.prior.new",
            "sigma": 180
        },
        "scoring_function": {
            "name": "custom_product",
            "parallel": true,
            "parameters": [
                {
                    "component_type": "predictive_property",
                    "name": "bioactivity",
                    "specific_parameters": {
                        "descriptor_type": "ecfp_counts",
                        "model_path": "~/Test_my_code/drd2_initial.pkl",
                        "radius": 3,
                        "scikit": "classification",
                        "size": 2048,
                        "transformation": {
                            "transformation_type": "no_transformation"
                        },
                        "use_counts": false,
                        "use_features": false
                    },
                    "weight": 2
                }
            ]
        }
    },
    "run_type": "reinforcement_learning",
    "version": 3
}